{"cameraMode":{"drawMode":0,"name":"Shaded","section":"Shading Mode"},"sceneLighting":true,"audioPlay":false,"sceneViewState":{"showFog":true,"showMaterialUpdate":false,"showSkybox":true,"showFlares":true,"showImageEffects":true,"showParticleSystems":true},"in2DMode":false,"pivot":{"x":20.098690032958986,"y":26.275285720825197,"z":-12.98985481262207},"rotation":{"x":0.25291773676872256,"y":-0.4121161699295044,"z":0.12018793821334839,"w":0.8670611381530762},"size":6.367227554321289,"orthographic":false}