{"cameraMode":{"drawMode":0,"name":"Shaded","section":"Shading Mode"},"sceneLighting":true,"audioPlay":false,"sceneViewState":{"showFog":true,"showMaterialUpdate":false,"showSkybox":true,"showFlares":true,"showImageEffects":true,"showParticleSystems":true},"in2DMode":false,"pivot":{"x":2.9529247283935549,"y":14.736122131347657,"z":11.47734260559082},"rotation":{"x":-0.03915610909461975,"y":0.1825164556503296,"z":-0.007207788527011871,"w":-0.982490062713623},"size":24.754863739013673,"orthographic":false}