{"cameraMode":{"drawMode":0,"name":"Shaded","section":"Shading Mode"},"sceneLighting":true,"audioPlay":false,"sceneViewState":{"showFog":true,"showMaterialUpdate":false,"showSkybox":true,"showFlares":true,"showImageEffects":true,"showParticleSystems":true},"in2DMode":false,"pivot":{"x":14.380000114440918,"y":16.049999237060548,"z":-5.489999771118164},"rotation":{"x":-0.1570242941379547,"y":0.4070962071418762,"z":-0.07129936665296555,"w":-0.8970901966094971},"size":4.041658401489258,"orthographic":false}