{"cameraMode":{"drawMode":0,"name":"Shaded","section":"Shading Mode"},"sceneLighting":true,"audioPlay":false,"sceneViewState":{"showFog":true,"showMaterialUpdate":false,"showSkybox":true,"showFlares":true,"showImageEffects":true,"showParticleSystems":true},"in2DMode":false,"pivot":{"x":0.3479270935058594,"y":0.6228013038635254,"z":0.9722189903259277},"rotation":{"x":0.16230079531669618,"y":-0.682351291179657,"z":0.15941014885902406,"w":0.6947450637817383},"size":4.72280740737915,"orthographic":false}