{"cameraMode":{"drawMode":0,"name":"Shaded","section":"Shading Mode"},"sceneLighting":true,"audioPlay":false,"sceneViewState":{"showFog":true,"showMaterialUpdate":false,"showSkybox":true,"showFlares":true,"showImageEffects":true,"showParticleSystems":true},"in2DMode":false,"pivot":{"x":-20.588342666625978,"y":39.11043167114258,"z":2.2873153686523439},"rotation":{"x":-0.3540273606777191,"y":-0.46780866384506228,"z":0.2120027393102646,"w":-0.7817007899284363},"size":1.0181984901428223,"orthographic":false}