{"cameraMode":{"drawMode":0,"name":"Shaded","section":"Shading Mode"},"sceneLighting":true,"audioPlay":false,"sceneViewState":{"showFog":true,"showMaterialUpdate":false,"showSkybox":true,"showFlares":true,"showImageEffects":true,"showParticleSystems":true},"in2DMode":false,"pivot":{"x":4.674518585205078,"y":11.978826522827149,"z":10.724632263183594},"rotation":{"x":-0.2848496735095978,"y":-0.0022249671164900066,"z":0.0006890100776217878,"w":-0.9586741328239441},"size":41.811458587646487,"orthographic":false}