{"cameraMode":{"drawMode":0,"name":"Shaded","section":"Shading Mode"},"sceneLighting":true,"audioPlay":false,"sceneViewState":{"showFog":true,"showMaterialUpdate":false,"showSkybox":true,"showFlares":true,"showImageEffects":true,"showParticleSystems":true},"in2DMode":false,"pivot":{"x":14.028579711914063,"y":15.55062484741211,"z":-5.148418426513672},"rotation":{"x":0.22897332906723023,"y":0.3979839086532593,"z":-0.10309616476297379,"w":0.8824472427368164},"size":6.900178909301758,"orthographic":false}