{"cameraMode":{"drawMode":0,"name":"Shaded","section":"Shading Mode"},"sceneLighting":true,"audioPlay":false,"sceneViewState":{"showFog":true,"showMaterialUpdate":false,"showSkybox":true,"showFlares":true,"showImageEffects":true,"showParticleSystems":true},"in2DMode":false,"pivot":{"x":22.948923110961915,"y":-2.9168701171875,"z":13.582399368286133},"rotation":{"x":-0.2794043719768524,"y":-0.6184604167938232,"z":0.250033974647522,"w":-0.6906979084014893},"size":56.50543212890625,"orthographic":false}